isolabel_ext,status,base_intlevel,cover,overlay,cover_order,overlay_order
CM-AD-Bankim,1,,51H 51M 51R 54H 9bR 9bV 9eR,,4 5 6 1 G 9 B,
CM-AD-Banyo,1,,51M 51V 53M 54H 54M 54R 54V 56H 56M 56R 56V 9eR,,5 7 F 1 K L M S T 0 V B,
CM-AD-Belel,1,,63V 66H 66M 66R 66V 69M 6cH,,H S T U V 5 N,
CM-AD-Dir,1,,60M 60V 61H 61M 61R 61V 63M aaV abR abV,,1 J 4 5 6 7 F C G H,
CM-AD-Djohong,1,,64V 65R 66M 67H 67M 67R 67V,,M Q T 4 X Y 5,
CM-AD-GalimTignere,1,,56M 56R 56V 57H 57R,,T 0 V W Y,
CM-AD-Kontcha,1,,5cfS 5cfT 5cfY 5cfZ 5daS 5daT 5daZ 5e5J 5e5K 5e5N 5e5P 5e5S 5e5T 5e5Y 5e5Z 5e7J 5e7N 5e7P 5f0J 5f0K 5f0N 5f0S,,W X Y Z N P R 8 9 B C D F G H S U V 0 1 2 4,
CM-AD-Martap,1,,55V 57M 57V 60R 60V 62H 62M 62R 62V 68H 68M 68V 69H,,R X Z 2 J 8 9 B C 0 1 3 4,
CM-AD-MayoBaleo,1,,56R 56V 5cH 5cM 5cR 5cV 5dH 5dM 5dR 5dV 5fH,,0 V J K L M N P Q R W,
CM-AD-MayoDarle,1,,51H 51M 51R 51V 54H 54R,,4 5 6 7 1 L,
CM-AD-Mbe,1,,68M 68V 69H 69M 69R 69V,,1 3 4 5 6 7,
CM-AD-Meiganga,1,,61M 61V 63M 64H 64M 64R 64V 65H 65R 66H 66M abV aeR aeV,,5 7 F J K L M N Q S T H U V,
CM-AD-Nganha,1,,63R 63V 66R 69H 69M 69V 6cH,,G H U 4 5 7 N,
CM-AD-Ngaoui,1,,65aP 65aY 65bK 65bS 65bT 65bY 65bZ 65eT 65eZ 671J 671N 671P 674J 674K 674N 674P 674S 674Y,,M Q T W X Y Z P R 8 B C 0 1 2 3 4 6,
CM-AD-Ngaoundal,1,,55M 60H 60M 60R 60V 62H 9fV aaR aaV,,P 0 1 2 J 8 Z B C,
CM-AD-Ngaoundere1,1,,62dP 62dY 62dZ 62fN 62fP 62fY 62fZ 638K 638S 638T 638Z 63aJ 63aK 63aN 63aP 63aS 63aT 63aY 685N 690J,,C G H U V Y Z 1 4 5 7 J K L M N P Q B 0,
CM-AD-Ngaoundere2,1,,63aN 63aP 63aS 63aT 63aY 63aZ 63bJ 63bK 63bS 63bT 690J 690N 690P 691J 691K,,L M N P Q R S T W X 0 2 3 8 9,
CM-AD-Ngaoundere3,1,,685N 685Y 685Z 687N 690J 690K 690N 690P 690S 690T 690Y 690Z 692J 692K 692N 692P,,B G H U 0 1 2 3 4 5 6 7 J K L M,
CM-AD-Nyambaka,1,,60V 61R 61V 62M 62V 63H 63M 63R 63V 66H 66R,,J 6 7 9 C D F G H S U,
CM-AD-Tibati,1,,54H 54M 54R 54V 55H 55M 55R 55V 56M 57H 57M 60H 60R 9eR 9eV 9fR 9fV,,1 K L M N P Q R T W X 0 2 B C 3 Z,
CM-AD-Tignere,1,,56V 57H 57M 57R 57V 5cM 5dH 5dM 5dV 62R 68H 68M,,V W X Y Z K N P R B 0 1,
CM-CE-Afanloum,1,,943P 943Y 943Z 946J 946K 946S 946T 946Y 946Z 949N 949P 94cJ 94cK 94cN 94cP 94dJ,,V Y Z J K N P Q R B C 0 1 2 3 8,
CM-CE-Akoeman,1,,c9eJ c9eK c9eN c9eP c9eS c9eT c9eY c9eZ c9fJ c9fK c9fS c9fT c9fY c9fZ cb4J cb4K cb4N cb4P cb4Y cb4Z cb5J cb5K cb5N cb5P cb5S cb5T cb5Y cb5Z ce0J ce0K ce0S,,J K L M N P Q R S T W X Y Z 5 U 2 3 6 7 8 9 B C D F G H 0 1 4,
CM-CE-Akono,1,,cb1T cb1Z cb2K cb2N cb2P cb2Y cb2Z cb3J cb3K cb3N cb3P cb3S cb3T cb3Y cb3Z cb9J cb9N,,F H K L M Q R S T U V W X Y Z 8 B,
CM-CE-Akonolinga,1,,94M 94V 95H 95R ceM ceR ceV cfH cfR cfV,,K M N Q T U V W Y Z,
CM-CE-Awae,1,,915N 915P 915S 915T 915Y 915Z 940J 940K 940N 940P 940S 940T 940Y 940Z 941J 941K 941N 941P 941S 941T 941Y 944J ceaZ cebS cebT cebY cebZ ceeT,,B C N K J H T 1 2 3 4 5 6 7 8 9 V S D F G 0 L W X Y Z P,
CM-CE-Ayos,1,,94M 95H 95M 95R 95V cfR,,K N P Q R Y,
CM-CE-Bafia,1,,92dN 92dP 932P 932S 932T 932Y 932Z 933S 933T 938J 938K 938N 938P 939J 939K,,B C M N P Q R W X 0 1 2 3 8 9,
CM-CE-Batchenga,1,,91cP 91cY 91cZ 91dK 91dP 91dS 91dT 91dY 91dZ 91fJ 91fK 91fN 91fP 91fY 948T 94aJ 94aK 94aS,,3 6 7 9 C D F G H S T U V Y 5 J K N,
CM-CE-Bibey,1,,97M 97V 9dM a2R a8H,,X Z P B 0,
CM-CE-Bikok,1,,cb1T cb1Y cb1Z cb3N cb3P cb3Y cb3Z cb4T cb6J cb6K cb6S cb6T cb9N cb9P cb9Y cbcJ cbcK cbcP cbcS cbcT cbcY cbcZ cbeJ cbeK cbeN cbeP,,F 2 H U V Y Z X J D N P B C G 0 1 3 4 5 6 7 9 K L M,
CM-CE-Biyouha,1,,901J 901N caaN caaP caaY caaZ cabJ cabK cabN cabP cabS cabT cabY cabZ,,8 B L M Q R S T U V W X Y Z,
CM-CE-Bokito,1,,90V 91R 92M 92V 93H,,3 6 9 C D,
CM-CE-Bondjock,1,,cadJ cadK cadN cadP cadS cadT cadY cadZ cafJ cafN cb8K cb8S cb8T cb8Y cb8Z cbaJ cbaN,,8 9 B C D F G H S U 1 4 5 6 7 J L,
CM-CE-BotMakak,1,,904S 904T 904Y 904Z 905K 905S 905T 905Y 905Z 906J 906K 906N 906P 906S 906T 906Y 906Z 907J 907K 907N 907S 907T 90dJ 910P 910S 910T 910Y 910Z 912J,,V 5 6 7 9 D F G H 0 K L M N P Q R S T U W X 8 3 4 Z Y B J,
CM-CE-Deuk,1,,92V 93R 98M 99H,,C G 1 4,
CM-CE-Dibang,1,,900N 900P 900Y 900Z 901J 901K 901N 901P 901S 901T 901Y 901Z 903J 903K 903N 903P 903Y 904T 906J 906K 906S caaY caaZ cabT cabZ,,2 3 6 7 8 9 B C D F G H S T U V Y 5 0 K N Q R X Z,
CM-CE-Dzeng,1,,cbM cbV ceH ceR,,F H S U,
CM-CE-Ebebda,1,,91aN 91aP 91aY 91bJ 91bK 91bN 91bP 91bS 91bT 91bY 91bZ 91eT 931J 931N 931P 934J,,L M Q S T U V W X Y Z P 8 B C 0,
CM-CE-Edzendouan,1,,917P 917S 917T 917Y 917Z 91dJ 91dK 91dN 91dP 91dY 91dZ 942S 942T 948J 948K 948N 948P 948S 948T 948Y 948Z 949S 949T 94aJ 94aN,,V W X Y Z 8 9 B C G H N P 0 1 2 3 4 5 6 7 D F J L,
CM-CE-EligMfomo,1,,912Z 913T 913Y 913Z 916T 918N 918P 919J 919K 919N 919P 919S 919Y 91cJ 91cK 91cS,,R X Y Z P 2 3 8 9 B C D G 0 1 4,
CM-CE-Endom,1,,ceH ceM ceR ceV,,S T U V,
CM-CE-Eseka,1,,caH caM caR caV,,8 9 B C,
CM-CE-Esse,1,,91M 94H 94M 94R,,5 J K L,
CM-CE-Evodoula,1,,907Z 90dN 912K 912S 912T 912Y 912Z 913S 913T 918J 918N,,Z B 6 N P Q R W X 0 2,
CM-CE-Kiiki,1,,927N 927P 927S 927T 927Y 927Z 92dJ 92dN 930T 930Z 932J 932K 932N 932P 932S 932T 932Y 938J,,U V W X Y Z 8 B 5 7 J K L M N P Q 0,
CM-CE-Kobdombo,1,,954S 954T 954Z 956J 956K 956N 956P 956S 956T 956Y 956Z 957J 957K 957S 957T 95cN 95dJ,,4 5 7 J K L M N P Q R S T W X 2 8,
CM-CE-KonYambetta,1,,926Z 927S 927T 92cN 92cP 92cY 92cZ 92dJ 92dK 92dN 92dP 92dS 92dT 92dY 92dZ 92fJ 92fN 938K 938S 938T,,R W X 2 3 6 7 8 9 B C D F G H S U 1 4 5,
CM-CE-LembeYezoum,1,,94M 94R 94V 95R,,K L M Q,
CM-CE-Lobo,1,,910J 910K 910N 910P 910S 910T 910Y 910Z 911J 911K 911P 911S 911T 911Y 912J 912N 913J cbaS cbaT cbaY cbaZ,,0 1 2 3 4 Z Y B 8 9 C D F G J L S N P Q R,
CM-CE-Makak,1,,caH caM caV cbH cbR,,8 9 C D G,
CM-CE-Makenene,1,,87M 87V 92H 92R 92V,,X Z 8 B C,
CM-CE-Matomb,1,,904N 905J 905K 905N 905P 905S 905Y 910J 910K 910S caeP caeY caeZ cafJ cafK cafN cafP cafS cafT cafY cafZ cbaJ cbaK cbaN cbaP cbaS cbaT cbaY,,2 8 9 B C D G 0 1 4 3 5 R S T U V W X Y Z J K L M N P Q,
CM-CE-Mbalmayo,1,,cb4T cb4Y cb4Z cb5T cb5Z cb6J cb6K cb6N cb6P cb6S cb6T cb6Y cb6Z cb7J cb7K cb7N cb7P cb7S cb7T cb7Y cb7Z cbcJ cbcK cbcN cbcP cbdJ cbdK,,X 6 7 F H J D L M N P Q R S T U V W K Y Z 0 1 2 3 8 9,
CM-CE-Mbandjock,1,,91V 94R 96H,,7 L S,
CM-CE-Mbangassina,1,,91aY 91bS 91bT 931J 931K 931N 931P 931S 931Y 931Z 933N 933P 934K 934P 934S 934T 934Y 934Z 936J 936K 936N 936P 936S 936T 936Y 936Z 937J 937K 937S,,Q W X 8 9 B C D G H U V 1 3 4 5 6 7 J K L M N P 0 R S T 2,
CM-CE-Mbankomo,1,,910N 911J 911N 914J cb9S cb9T cb9Y cb9Z cbaN cbaP cbaY cbaZ cbbJ cbbK cbbN cbbP cbbS cbbT cbbY cbbZ cbcS cbcT cbeJ cbeK cbeS cbeT,,2 8 B 0 D F G H L M Q R S T U V W X Y Z 4 5 9 K N P,
CM-CE-Mengang,1,,941P 941Y 944J 944K 944N 944P 944S 944T 944Y 944Z 945J 945K 945S cebN cebP cebY cebZ ceeJ ceeK ceeN ceeP ceeS ceeT ceeY ceeZ cefK cefS cefT,,S G 0 1 2 3 4 5 6 7 8 9 D U V Y Z J K L M N P Q R T W X,
CM-CE-Mengueme,1,,c9R c9V cbH cbM,,6 7 D F,
CM-CE-Messondo,1,,bfH bfM bfV caH caR,,W X Z 8 B,
CM-CE-Mfou,1,,cb7T cb7Z cbcP cbcY cbcZ cbdJ cbdK cbdN cbdP cbdS cbdT cbdY cbdZ cbeN cbeP cbeY cbfJ cbfK cbfN cbfP cbfS cbfT cbfY cbfZ ce8K ce8S,,K Z 3 6 7 8 9 B C D F G H L M Q S T U V W X Y 5 1 4,
CM-CE-Minta,1,,95V 97M 97V a2H a2M a2R a2V,,R X Z 8 9 B C,
CM-CE-Monatele,1,,90dN 90dP 90dY 918J 918K 918N 918P 918S 918T 918Y 918Z 919K 919P 919S 919T 919Y 919Z 91aN 91aP 91bJ 91bK 91bN 91cS,,B Q J 0 1 2 3 8 5 6 7 9 C D F G H L M S T U 4,
CM-CE-NangaEboko,1,,94V 95R 95V 96H 96M 96R 96V 97H 97M 97R 97V 9dH 9dM,,M Q R S T U V W X Y Z N P,
CM-CE-Ndikinimeki,1,,85V 87M 92H 92M 92R 92V,,R X 8 9 B C,
CM-CE-NgambeTikar,1,,98M 98V 99H 99R 99V 9bH 9bM 9bR 9bV 9cR 9cV 9eH 9eM 9eR 9eV,,1 3 4 6 7 D F G 9 L M S T B C,
CM-CE-NgogMapubi,1,,901N 901P 901Y 901Z 904J 904K 904N 904P 904S 904T 904Y 905J 905K 905S cabZ caeS caeT caeZ,,B C G H 0 1 2 3 V 5 6 8 9 D Z N P R,
CM-CE-Ngomedzap,1,,c8V c9R caM cbH,,3 6 9 D,
CM-CE-Ngoro,1,,93H 93M 93R 93V 96H 96R 99H 99M 99R,,D F G H S U 4 5 6,
CM-CE-Ngoumou,1,,cb2Z cb3T cb8N cb8P cb8Y cb8Z cb9J cb9K cb9N cb9P cb9S cb9T cb9Y cbaN cbaP cbbJ cbbK,,R X 2 3 6 7 8 9 B C D F G L M S T,
CM-CE-Nguibassal,1,,905T 905Z 907J 907K 907N 907P 907S 907T 907Y 907Z 90dJ 90dN 90dP 912J 912K 912S 912T,,F H S T U 3 W X Y Z 8 B Q J 6 N P,
CM-CE-Nitoukou,1,,923N 923P 923Y 924T 926J 926K 926N 926P 926S 926T 926Y 927K 927S,,U V Y 5 J K L M N P Q T W,
CM-CE-NkolMetet,1,,cb5Y cb5Z cb7N cb7P cb7Y cb7Z ce0K ce0S ce0T ce0Y ce0Z ce2J ce2K ce2N ce2P ce2S ce2T ce2Y ce2Z ce3J ce3K ce3S,,G H U V Y Z 1 4 5 6 7 J K L M N P Q R S T W,
CM-CE-Nkolafamba,1,,915J 915N 915P 940J 940K 940N 940P cbeP cbeY cbeZ cbfN cbfP cbfS cbfT cbfY cbfZ ceaJ ceaK ceaS ceaT ceaY ceaZ,,8 B C T 1 2 3 M Q R U V W X Y 5 J K N P 4 L,
CM-CE-Nkoteng,1,,94R 94V 96H 96M 97H,,L M S T W,
CM-CE-Nsem,1,,97dY 97dZ 97eY 97fJ 97fK 97fN 97fP 97fS 97fY a28K a28S a28T a28Z a2aJ a2aK a2aN a2aP a2aS a2aT a2aY,,G H 0 S T U V W Y 1 4 5 7 J K L M N P Q,
CM-CE-Ntui,1,,91V 93M 94R 96H,,7 F L S,
CM-CE-Obala,1,,913P 913Y 913Z 914T 914Z 916J 916K 916N 916P 916S 916T 916Y 916Z 917J 917K 917S 917T 919P 91cJ 91cK 91cN 91cP 91cS 91cY 91dJ 91dK,,V Y Z 5 7 R K L M N P Q J S T W X C 0 1 2 3 4 6 8 9,
CM-CE-Okala,1,,907N 907P 911J 911K 911N 911P 911S 911T 911Y 911Z 912J 912K 912N 912P 912S 912Y 913J 913K 913N 913P 913S 913T 913Y 913Z 914J 914K 914S 914T 914Z 916J 916K,,U 3 8 9 B C D F G H J 6 L M N Q S T 2 V W X Y Z 0 1 4 5 7 R K,
CM-CE-Olanguina,1,,941N 941P 941S 941T 941Y 941Z 943N 944J 944K 944S 944T 944Z 946J 946K 946N 946P 946S 946Y,,V S D F G H U 0 1 4 5 7 J K L M N Q,
CM-CE-Ombessa,1,,930P 930Y 930Z 931K 931S 931T 931Y 931Z 932N 932P 933J 933K 933N 933P 933S 933T 933Y 933Z 939J 939N,,3 6 7 9 D F G H L M S T U V W X Y Z 8 B,
CM-CE-Saa,1,,919Y 919Z 91bN 91bP 91bY 91bZ 91cP 91cS 91cT 91cY 91cZ 91dT 91eJ 91eK 91eN 91eP 91eS 91eT 91eY 91eZ 91fJ 91fK 91fS 931N 931P 934J 934K 934N,,G H U V Y Z 3 4 5 6 7 F J K L M N P Q R S T W B C 0 1 2,
CM-CE-Soa,1,,914P 914S 914T 914Y 914Z 915J 915K 915N 915P 915S 915T 915Y 916N 916P 917J 917K 917N 917P 917S 917T 917Y,,3 4 5 6 7 8 9 B C N K J L M S T U V W X Y,
CM-CE-Yaounde1,1,,914N 914P 914S 914Y 914Z 915S,,2 3 4 6 7 N,
CM-CE-Yaounde2,1,,914J 914K 914N 914P 914S 914Y,,0 1 2 3 4 6,
CM-CE-Yaounde3,1,,914J 914N cbbN cbeJ cbeK cbeP cbeS cbeT cbeY cbeZ,,0 2 U 9 K M N P Q R,
CM-CE-Yaounde4,1,,914N 915J cbeK cbeP cbeS cbeY cbeZ cbfT,,2 8 K M N Q R X,
CM-CE-Yaounde5,1,,914N 914P 914Y 915J 915K,,2 3 6 8 9,
CM-CE-Yaounde6,1,,914J 914N cbeS cbeT,,0 2 N P,
CM-CE-Yaounde7,1,,911N 914J 914K cbeT,,B 0 1 P,
CM-CE-Yoko,1,,54H 93V 96H 96R 96V 97R 99H 99M 99R 99V 9bV 9cH 9cM 9cR 9cV 9dH 9dM 9dR 9dV 9eM 9eR 9eV 9fH 9fM 9fR 9fV a8H a8R aaH,,1 H S U V Y 4 5 6 7 9 J K L M N P Q R T B C W X 3 Z 0 2 8,
CM-EN-Blangoua,1,,0ceZ 0cfT 0e1N 0e1P 0e4J 0e4K 0e4N 0e4P 0e4S 0e4T 0e4Y 0e5J 0e5K 0e5N 0e5P 0e6J 0e6K,,R X B C 0 1 2 3 4 5 6 8 9 D 7 J K,
CM-EN-Bogo,1,,04M 05H 2eM 2eV 2fR,,K N T V Y,
CM-EN-Bourha,1,,28V 29R 2aM 2bH,,3 6 9 D,
CM-EN-Darak,1,,09V 0bM 0bV 0cR 0eH 0eM 0eR 0eV,,7 F H L S T U V,
CM-EN-Dargala,1,,2e3Y 2e3Z 2e4T 2e4Z 2e5T 2e5Z 2e6J 2e6K 2e6N 2e6P 2e6S 2e6T 2e6Y 2e6Z 2e7J 2e7K 2e7N 2e7P 2e7S 2e7T 2e7Y,,Y 1 5 7 F H J K L M N P Q R S T U V W X 0,
CM-EN-Datcheka,1,,2d3Y 2d3Z 2d6K 2d6S 2d6T 2d6Y 2d6Z 2d9N 2dcJ,,Y Z K N P Q R B 0,
CM-EN-Dziguilao,1,,2c7P 2c7S 2c7T 2c7Y 2c7Z 2cdN 2cdP 2d2K 2d2P 2d2S 2d2T 2d2Y 2d2Z 2d8J 2d8K 2d8N 2d8P 2d8S 2d8Y,,V W X Y Z B C K M N P Q R 0 1 2 3 4 6,
CM-EN-Fotokol,1,,09dN 09dP 09dY 0c2S 0c2T 0c2Y 0c2Z 0c3S 0c3T 0c3Z 0c8J 0c8K 0c8N 0c8P 0c8S 0c8T 0c8Y 0c8Z 0c9J 0c9K 0c9S 0c9T 0caJ 0caK 0caN 0caP,,B C G N P Q R W X Z 0 1 2 3 4 5 6 7 8 9 D F J K L M,
CM-EN-Gazawa,1,,2b5T 2b5Z 2b7N 2b7P 2b7S 2b7T 2b7Y 2b7Z 2bdJ 2bdN 2e0T 2e2J 2e2K 2e2S 2e2T,,R H U V W X Y Z 8 B 5 J K N P,
CM-EN-Gobo,1,,2dM 38H 38M 38R 38V,,P 0 1 2 3,
CM-EN-Goulfey,1,,0cM 0cV 0dH 0dR 0eH 0eM,,K M N Q S T,
CM-EN-Gueme,1,,2f1S 2f1T 2f1Y 2f1Z 2f3J 2f3K 2f3N 2f3P 2f4K 2f4N 2f4P 2f4S 2f4T 2f4Y 2f4Z 2f5J 2f5K 2f5S 2f5T 2f6J 2f6K 2f6N 2f6P 2f7J 2f7K,,D F G H S T U V 1 2 3 4 5 6 7 8 9 0 B J K L M C N,
CM-EN-Guere,1,,2d7T 2d7Y 2d7Z 2ddJ 2ddK 2ddN 2ddP 2ddY 2ddZ 2dfN 2dfP 2dfY 382T 388J 388K 388S 388T 38aJ 38aK 38aS,,X 2 Z 8 9 B C G H U V Y P 0 1 4 5 J K N,
CM-EN-Guidiguis,1,,2c6S 2c6T 2c6Y 2c6Z 2c7S 2c7T 2c7Z 2ccN 2ccP 2cdJ 2cdK 2cdN 2cdP 2cdS 2cdT 2cdY 2cdZ 2cfJ 2cfN 2d8K 2d8S 2d8T 2d8Y,,N P Q R W X Z 2 3 8 9 B C D F G H S U 1 4 5 6,
CM-EN-HileAlifa,1,,0caP 0caT 0caY 0caZ 0cbJ 0cbK 0cbN 0cbP 0cbS 0cbT 0cbY 0cbZ 0e0J 0e0N 0e0P 0e0Y 0e1J 0e1K 0e1N 0e1P 0e1S,,M P Q R S T U V W X Y Z 0 2 3 6 8 9 B C D,
CM-EN-Hina,1,,29aZ 29bK 29bP 29bS 29bT 29bY 29bZ 29eJ 29eK 29eN 29eP 29eS 29eT 29eY 29eZ 2b0N 2b1J 2b1K 2b1N 2b1P 2b1S 2b1Y 2b4J 2b4K 2b4N,,R T V W X Y Z J K L M N P Q U 7 8 9 B C D G 0 1 2,
CM-EN-Kaele,1,,2cH 2cM 2cR 2cV 2eH,,J K L M S,
CM-EN-KaiKai,1,,2fH 2fM 2fR 2fV,,W X Y Z,
CM-EN-Kalfou,1,,2dR 2dV 2fH 2fM,,Q R W X,
CM-EN-KarHay,1,,2d3T 2d3Z 2d8N 2d8P 2d9J 2d9K 2d9N 2d9P 2d9S 2d9T 2d9Y 2d9Z 2dcJ 2dcK 2dcS 2dcT,,X Z 2 3 8 9 B C D F G H 0 1 4 5,
CM-EN-Kolofata,1,,014P 014Y 014Z 015K 015S 015T 015Z 016J 016K 016N 016P 016S 016T 016Y 016Z 017J 017K 017N 017P 017S 017T 017Y 017Z 01cN 01cP 01cY 01dJ 01dK 01dN 01dP 01dS,,3 6 7 9 D F H J K L M N P Q R S T U V W X Y Z 2 0 1 8 4 B C 5,
CM-EN-Kousseri,1,,07aZ 07bK 07bP 07bS 07bT 07bY 07bZ 0d0N 0d1J 0d1N,,R T V W X Y Z 2 8 B,
CM-EN-Koza,1,,011J 011N 014J 014N 014P 014Y 014Z 2bbN 2bbP 2bbS 2bbT 2bbY 2bbZ 2beJ 2beK 2beP 2beS 2beT 2beY 2beZ 2bfK 2bfS,,8 B 0 2 3 6 7 U V 1 X Y Z J K M N P Q R T W,
CM-EN-LogoneBirni,1,,05R 05V 06M 06V 07H 07M 07R 07V 0cM 0dH,,Q R T V W X Y Z K N,
CM-EN-Maga,1,,05H 05M 2fR 2fV,,N P Y Z,
CM-EN-Makary,1,,0cH 0cM 0cR 0cV 0dH 0eH 0eM,,J K L M N S T,
CM-EN-Maroua1,1,,2b7Z 2bdN 2e0T 2e0Y 2e0Z 2e2J 2e2K 2e2N 2e2P 2e2S 2e2T 2e2Y 2e2Z 2e3J 2e3K 2e3P 2e3S 2e3T 2e3Y 2e3Z 2e8J,,Z B 5 6 7 J K L M N P Q R S T V W X Y 1 0,
CM-EN-Maroua2,1,,2e2Z 2e3T 2e8N 2e9J 2e9K,,R X 2 8 9,
CM-EN-Maroua3,1,,04H 2eH 2eM 2eR 2eV,,J S T U V,
CM-EN-Meri,1,,2bM 2bV 2eH 2eR,,F H S U,
CM-EN-Mindif,1,,2cR 2cV 2eH 2eM,,L M S T,
CM-EN-Mogode,1,,2a5P 2a5Y 2a5Z 2a7Y 2a7Z 2b0K 2b0N 2b0P 2b0S 2b0T 2b0Y 2b0Z 2b1K 2b1S 2b1T 2b2J 2b2K 2b2N 2b2P 2b2S 2b2T 2b2Y 2b2Z 2b3J 2b3K 2b3S 2b8J 2b8K 2b8N,,C G H Y Z 1 7 3 4 5 6 2 9 D F J K L M N P Q R S T W 0 8 B,
CM-EN-Mokolo,1,,01H 29V 2bH 2bM 2bR 2bV,,4 7 D F G H,
CM-EN-Mora,1,,01M 01V 04H 04M 04R 04V 2bV,,5 7 J K L M H,
CM-EN-Moulvoudaye,1,,2cV 2dR 2eM 2eV 2fH 2fR,,M Q T V W Y,
CM-EN-Moutourwa,1,,29dP 29dS 29dT 29dY 29dZ 29fJ 29fK 29fN 29fP 29fS 29fT 29fY 29fZ 2b5J 2b5N 2c8K 2c8S 2c8T 2c8Z 2caJ 2caK 2caN 2caP 2caS 2caT 2caY 2caZ 2e0J 2e0K 2e0N 2e0P,,C D F G H S T U V W X Y Z 8 B 6 4 5 7 J K L M N P Q R 0 1 2 3,
CM-EN-Mozogo,1,,011N 011P 011Y 011Z 013N 014J 014K 014N 014P 014S 014T 014Y 014Z 016J 016K 016N,,B C G H U 0 1 2 3 4 5 6 7 J K L,
CM-EN-Ndoukoula,1,,29dT 29eN 29eP 29eY 29eZ 29fJ 29fK 29fS 29fT 2b4N 2b4P 2b4Y 2b4Z 2b5J 2b5K 2b5N 2b5P 2b5S 2b5T 2b5Y 2b5Z 2e0J 2e0K 2e0P 2e0S 2e0T 2e0Y 2e0Z 2e2J,,F L M Q U S T W X 2 K N P 8 9 B C D R G H 0 1 3 4 5 6 7 J,
CM-EN-Pette,1,,04H 04M 05H 2eR 2eV,,J K N U V,
CM-EN-SouledeRoua,1,,2bbN 2bcS 2bcT 2bcY 2bcZ 2bdK 2bdS 2bdT 2beJ 2beK 2beN 2beP 2bfJ 2bfK,,U 4 5 6 7 9 D F J K L M S T,
CM-EN-Tchatibali,1,,2d2K 2d2P 2d2Y 2d2Z 2d3S 2d3T 2d3Y 2d3Z 2d8N 2d9J,,K M Q R W X Y Z 2 8,
CM-EN-Tokombere,1,,015N 040J 040N 2bfJ 2bfK 2bfN 2bfP 2bfS 2bfT 2bfY 2bfZ 2eaK 2eaS 2eaT 2eaY 2eaZ,,B 0 2 S T U V W X Y Z K N P Q R,
CM-EN-Touloum,1,,2cdZ 2cfN 2d8P 2d8S 2d8T 2d8Y 2d8Z 2d9K 2d9S 2d9T 2daJ 2daK 2daN 2daP 2daS 2daY 2daZ 2dbJ 2dbK 2dbS,,H U 3 4 5 6 7 9 D F J K L M N Q R S T W,
CM-EN-Waza,1,,04M 04V 05H 05R 06M 07H,,K M N Q T W,
CM-EN-Wina,1,,2d6T 2d6Z 2dcJ 2dcK 2dcN 2dcP 2dcS 2dcY,,P R 0 1 2 3 4 6,
CM-EN-Yagoua,1,,2dM 2dV 2fM 38R,,P R X 2,
CM-EN-Zina,1,,04M 05H 05M 05R 05V,,K N P Q R,
CM-ES-AbongMbang,1,,a0H a0M a1H daR daV dbR,,0 1 4 B C G,
CM-ES-Angossas,1,,957K 957N 957P 957S 957T 957Y 957Z 95dJ 95dN a02J a02K a02N a02P a02S a02T a02Y a02Z a03J a03K a03P a03S a03T a03Y a08J a08N,,T U V W X Y Z 8 B J K L M N P Q R S 1 3 4 5 6 0 2,
CM-ES-Atok,1,,95H 95M a0H cfR cfV daR,,N P 0 Y Z B,
CM-ES-Batouri,1,,a1V a3M a4R a4V a5R a6H a6M a6R a7H,,7 F L M Q S T U W,
CM-ES-Belabo,1,,9dM 9dV a2M a2R a2V a3H a3R a8H a8M a8R a8V a9H a9M a9R a9V,,P R 9 B C D G 0 1 2 3 4 5 6 7,
CM-ES-Bertoua1,1,,a1bT a30N a30P a30Y a30Z a31J a31K a31S a31T a32N a32P a33J a33K a33S,,X 2 3 6 7 8 9 D F L M S T W,
CM-ES-Bertoua2,1,,a31J a31K a31P a31S a31T a31Y a31Z a33J a33K a33N a33P,,8 9 C D F G H S T U V,
CM-ES-BetareOya,1,,9fM 9fV a6V a8R a8V a9M a9R a9V aaH aaM aaR aaV abH abM abR abV acH acM acR acV aeH aeR,,X Z V 2 3 5 6 7 8 9 B C D F G H J K L M S U,
CM-ES-Diang,1,,a2M a2V a3H,,9 C D,
CM-ES-Dimako,1,,a0V a1R a2M a3H,,3 6 9 D,
CM-ES-Doumaintang,1,,a0H a0M a0R a0V a1H a2H a2M,,0 1 2 3 4 8 9,
CM-ES-Doume,1,,a0M a0V a1H a1R a2M,,1 3 4 6 9,
CM-ES-GariGombo,1,,a5H a5M deM deV dfH dfR dfV eaH eaR,,N P T V W Y Z 8 B,
CM-ES-GarouaBoulai,1,,acR acV aeH aeM aeR aeV,,L M S T U V,
CM-ES-Kentzou,1,,a5H a5M a5R a5V a7H a7M,,N P Q R W X,
CM-ES-Kette,1,,a6H a6M a6R a6V a7H a7R,,S T U V W Y,
CM-ES-Lomie,1,,cdM cdV d8H d8M d8R d8V d9H d9M d9R d9V daH daM dbH dbM dcR deH deM,,P R 0 1 2 3 4 5 6 7 8 9 D F L S T,
CM-ES-Mandjou,1,,a1R a1V a3H a3M a3R a3V a6H a9H a9M,,6 7 D F G H S 4 5,
CM-ES-Mbang,1,,a1H a1M a1V a4H a4M a4R a4V a5H dbV deR deV dfR,,4 5 7 J K L M N H U V Y,
CM-ES-Mboma,1,,957Y 957Z 95dN 95dP 95dY 95dZ a02T a08J a08K a08N a08P a08S a08T,,Y Z B C G H P 0 1 2 3 4 5,
CM-ES-Messamena,1,,95M a0H cfH cfM cfR cfV daH daM daR daV,,P 0 W X Y Z 8 9 B C,
CM-ES-Messock,1,,d9M d9R d9V dcH dcM dcR dcV deH deM,,5 6 7 J K L M S T,
CM-ES-Mindourou,1,,a1H a1M d8V daH daM daV dbH dbM dbR dbV deH deM deR deV,,4 5 3 8 9 C D F G H S T U V,
CM-ES-Mouloundou,1,,d5R d5V d6M d6V d7H d7M d7R d7V e0R e0V e1H e1M e1R e1V e2H e2M e2R e2V e3H e3M e3R e3V,,Q R T V W X Y Z 2 3 4 5 6 7 8 9 B C D F G H,
CM-ES-Ndelele,1,,a4M a4V a5H a5M a5R a5V dfR,,K M N P Q R Y,
CM-ES-Ngoura,1,,a3M a3V a6H a6R a6V a9M acH acM,,F H S U V 5 J K,
CM-ES-Ngoyla,1,,d3H d3M d3R d3V d6H d6M d6R d6V d9H d9M dcH dcM,,D F G H S T U V 4 5 J K,
CM-ES-Nguelebok,1,,a1H a1M a1R a1V a4R,,4 5 6 7 L,
CM-ES-Nguelemendouka,1,,95M 95V 97M a0R a2H a2M,,P R X 2 8 9,
CM-ES-Ouli,1,,a6V a7R acM adH,,V Y K N,
CM-ES-Salapoumbe,1,,d6V d7R d7V dcM ddH ddM e2R e2V e3R e8H e8M e9H,,V Y Z K N P B C G 0 1 4,
CM-ES-Somalomo,1,,cdV cfM d8R d8V daH daM,,R X 2 3 8 9,
CM-ES-Yokadouma,1,,dcH dcM dcV ddH ddM ddR ddV deM dfH dfM dfR dfV e8H e8M e8R e8V e9H e9R eaH eaM eaR,,J K M N P Q R T W X Y Z 0 1 2 3 4 6 8 9 B,
CM-LT-Bare,1,,86fY 86fZ 878T 87aJ 87aK 87aN 87aP 87aS 87aT 87aY 87aZ 87bJ 87bK 8c5N 8d0J 8d0N,,Y Z 5 J K L M N P Q R S T B 0 2,
CM-LT-Bonalea,1,,849S 849T 849Y 849Z 84bJ 84bK 84bN 84bP 84bY 84bZ 84cP 84cS 84cT 84cY 84cZ 84eJ 84eK 84eN 84eP 84eS 84eT 84eY 84eZ 84fT,,D F G H S T U V Y Z 3 L 5 6 7 J K 4 M N P Q R X,
CM-LT-Dibamba,1,,84M 85H 85M,,K N P,
CM-LT-Dibombari,1,,843K 843P 843S 843T 843Y 843Z 846T 846Z 848K 848N 848P 848S 848T 848Y 848Z 849J 849K 849N 849P 849S 849Y 84cJ 84cK 84cN 84cP 84cS 84cY,,T V B X Y Z P R 1 2 S 4 5 J 7 8 9 W C D G 0 H F 3 L 6,
CM-LT-Dizangue,1,,84M 85H beV bfR,,K N V 0,
CM-LT-Douala1,1,,843N 844T 846J 846K 846S 846Y,,U 5 J K N Q,
CM-LT-Douala2,1,,844T 844Z 846J 846K 846N,,5 7 J K L,
CM-LT-Douala3,1,,844Y 844Z 845S 845T 846J 846K 846N 846P 846Y 847J 847K 847S,,6 7 D F J K L M Q S T W,
CM-LT-Douala4,1,,841Z 842P 843J 843K 843N 843P 843S 843Y 843Z 846J 846K 846S 846T 846Y 846Z,,H M S T U V B Y Z J K N P Q R,
CM-LT-Douala5,1,,846K 846P 846S 846Y 846Z 847S 847T 84cN 84cP 84dJ 84dK,,K M N Q R W X F 3 8 9,
CM-LT-Douala6,1,,81M 84H 84M beR beV,,5 J K U V,
CM-LT-Ebone,1,,867T 867Z 86dJ 86dK 86dN 86dP 86dS 86dT 86dY 86dZ 86fJ 86fK 86fN 86fP 86fS 86fY 872T 872Z 878J 878K 878N 878P 878S 878T 878Y,,X Z 8 9 B C D F G H S T U V W Y P R 0 1 2 3 4 5 6,
CM-LT-Edea1,1,,85H bcV beM bfH bfR,,N M T W 0,
CM-LT-Edea2,1,,85H 85M 85V bfR bfV,,N P R 0 Z,
CM-LT-Loum,1,,866J 866K 866N 866P 866S 866T 866Y 866Z 867K 867P 867S 867T 867Y 867Z 86cJ 86cN 86dN 872S 872T 878J,,J K L M N 3 Q R T V W X Y Z 5 2 B 1 P 0,
CM-LT-Manjo,1,,866Z 867T 86cJ 86cK 86cN 86cP 86cS 86cY 86cZ 86dJ 86dK 86dS 86dT 86eN 86eP 86eY 86eZ 86fJ 86fK 86fS 86fT,,R X 5 1 2 3 4 6 7 8 9 D F L M Q B S T W N,
CM-LT-Massok,1,,857N 857P 857S 857T 857Y 857Z 85dN 85dP 902J 902K 902P 902S 902T 902Y 902Z 903K 903P 903S 903T 903Y 903Z 908J 908K 908N 909J 909K 909N 909P 909S 909Y,,U 7 H F 6 5 4 3 J K M N P Q R T V W X Y Z 0 1 2 8 9 B C D G,
CM-LT-Mbanga,1,,848T 848Z 849S 849T 84aN 84aP 84aY 84aZ 84bJ 84bK 84bP 84bS 84bT 84bY 84bZ 84eT 84eZ 860N 860P 860Y 861J 861K 861N 861P 861S 861Y 864J 864K 864N 864S,,5 7 D F L M Q H S T V W X Y Z P R J 3 6 8 9 B C K G 0 1 2 4,
CM-LT-Melong,1,,86fT 86fY 86fZ 8c4Y 8c4Z 8c5J 8c5K 8c5N 8c5P 8c5S 8c5T 8c5Y 8c5Z 8c6N 8c6P 8c6Y 8c7J 8c7K 8c7N 8c7P 8c7S 8c7T 8c7Y 8d0J 8d0K 8d0S 8d0T 8d2J 8d2K,,N Y Z 6 7 8 9 B C D F G H L M Q S 2 U V W X 3 0 1 4 5 J K,
CM-LT-Mombo,1,,861K 861P 861S 861T 861Y 861Z 863J 863N,,9 C K F G H S U,
CM-LT-Mouanko,1,,beH beM beR beV bfH bfR,,S T U V W 0,
CM-LT-Ndobian,1,,87bP 87bY 87bZ 87cN 87cP 87cS 87cT 87cY 87cZ 87dK 87dS 87dT 87eJ 87eK 87eN 87eP 87eS 87eT 87eY 87eZ 87fJ 87fK 87fS 87fT 8d1N 8d1P 8d4J 8d4K 8d4N 8d4P,,V Y Z 8 G 4 5 6 7 9 D F J K L M N P Q R S T W X B C 0 1 2 3,
CM-LT-Ndom,1,,90R 90V 92H 92M,,2 3 8 9,
CM-LT-Ngambe,1,,85V 90R 92H,,R 2 8,
CM-LT-Ngwei,1,,85M bfH bfM bfR bfV,,P W X 0 Z,
CM-LT-Nkondjock,1,,87H 87M 87R 87V,,W X Y Z,
CM-LT-Nkongsamba1,1,,86dZ 86fN 86fP 878S 878T 878Y 878Z 87aJ 87aK 87aN 87aP 87bJ 87bK,,H U V 4 5 6 7 J K L M S T,
CM-LT-Nkongsamba2,1,,86fP 86fY 86fZ 87aK 87aS,,V Y Z K N,
CM-LT-Nkongsamba3,1,,86fN 86fP 86fS 86fT 86fY 86fZ,,U V W N Y Z,
CM-LT-Nyanon,1,,903Y 903Z 906S 906T 906Z 907T 909N 909P 909Y 909Z 90cJ 90cK 90cN 90cP 90cS 90cT 90cY 90cZ 90dJ 90dK 90dP 90dS 90dT 90dY 90eN 90eP 90fJ,,Y Z N P R X B C G H 0 1 2 3 4 5 6 7 8 9 Q D F J L M S,
CM-LT-Penja,1,,861Y 861Z 863N 863P 863Y 864J 864K 864N 864P 864S 864T 864Y 864Z 866J 866K 866N 866S,,G H U V Y 0 1 2 3 4 5 6 7 J K L N,
CM-LT-Pouma,1,,85M 90H bfV caR,,P 0 Z B,
CM-LT-Yabassi,1,,84M 84V 85H 85R 85V 86M 87H 87M,,K M N Q R T W X,
CM-LT-Yingui,1,,85H 85M 85R 85V 87H 87M 87V 90R 92H,,N P Q R W X Z 2 8,
CM-NO-Bascheo,1,,22R 22V 28H 28M,,B C 0 1,
CM-NO-Beka,1,,15H 15M 15V 17M 20R 5eM 5eV 5fR 5fV,,N 4 R X 2 T V Y Z,
CM-NO-Bibemi,1,,21R 21V 22M 23H 23M 23V 26H 26R,,6 7 9 D F H S U,
CM-NO-Dembo,1,,22V 23R 28M 29H,,C G 1 4,
CM-NO-Figuil,1,,23V 29M 29V 2cH 2cR,,H 5 7 J L,
CM-NO-Gachiga,1,,223T 223Y 223Z 226K 226P 226S 226T 226Y 226Z 227T 228N 228P 229J 229K 229N 229P 229S 229Y 229Z 22bN 22cJ 22cK 22cN 22cP 22cS 22cT 22cY 22dJ 22dK,,S Y Z K M N P Q R X 7 F J L B C D G H U 0 1 2 3 4 5 6 8 9,
CM-NO-Garoua1,1,,224Y 224Z 225S 225T 226N 226P 226Y 227J,,6 7 D F L M Q S,
CM-NO-Garoua2,1,,225T 226N 226P 226Y 227J 227K 227N 227P 227S,,F L M Q S T U V W,
CM-NO-Garoua3,1,,224N 224P 224Y 225J 225K 225N 225P 225S 225T 225Y 225Z 227J 227N 227P 230K 230S 230T,,2 3 6 8 9 B C D F G H S U V 1 4 5,
CM-NO-Guider,1,,23R 23V 29H 29M 29R 29V,,G H 4 5 6 7,
CM-NO-Lagdo,1,,20M 20V 21H 21R 21V 6aV 6bR,,F 3 4 6 7 C G,
CM-NO-Madingring,1,,25M 6dR 6dV 6eM 6fH 6fM 6fR 6fV 7aR,,P Q R 1 W X Y Z B,
CM-NO-MayoHourna,1,,17M 22H 22M 22R,,X 8 9 B,
CM-NO-MayoOulo,1,,23R 28M 28V 29H 29M 29R,,G 1 3 4 5 6,
CM-NO-Ngong,1,,20H 20M 20R 20V 21R 22H 22M 23H,,5 F 2 3 6 8 9 D,
CM-NO-Pitoa,1,,22M 22V 23H 23M 23R 23V,,9 C D F G H,
CM-NO-Poli,1,,15M 20H 20M 5dM 5dR 5dV 5eM 5eV 5fH 5fM 5fR 5fV 68H 68M 68R 68V 6aH 6aM 6aR 6aV,,4 5 F P Q R T V W X Y Z 0 1 2 3 8 9 B C,
CM-NO-ReyBouba,1,,21H 21M 21R 21V 23M 24H 24M 24R 24V 25H 25M 25R 26H 6eR 6eV 6fR 6fV,,4 0 6 7 F J K L M N P Q S B R Y Z,
CM-NO-Tchollire,1,,21H 21M 24H 66M 66R 66V 68R 68V 69M 69R 69V 6aH 6aM 6aV 6bH 6bM 6bR 6bV 6cH 6cM 6cR 6cV 6eH 6eM 6eR 6eV 6fH 6fR,,4 0 J T U V 2 3 5 6 7 8 9 C D F G H N K L M S 1 B R W Y,
CM-NO-Touboro,1,,66M 66V 67H 67R 67V 6cM 6cV 6dH 6dM 6dR 6dV 6eM 6fH 6fM 6fV 72R 78H 78R 78V 7aH 7aR,,T V 4 Y 5 K M N P Q R 1 W X Z 6 0 2 3 8 B,
CM-NO-Touroua,1,,15M 15V 17M 20H 20R 22H,,4 R X 5 2 8,
CM-NW-Ako,1,,47M 50R 50V 52H 52R,,X 2 3 8 B,
CM-NW-Andek,1,,8e6Z 8e7S 8e7T 8e7Z 8ecJ 8ecK 8ecN 8ecP 8ecS 8ecY 8edJ 8edK 8edN 8edP 8edS 8edT 8edY 8edZ,,R W X M 0 1 2 3 4 6 8 9 B C D F G H,
CM-NW-Babessi,1,,8fcY 8fcZ 8fdP 8fdS 8fdT 8fdY 8fdZ 8feN 8feP 8ffJ 8ffK 8ffN 8ffP 8ffS 9a2S 9a2T 9a2Y 9a2Z 9a8J 9a8K 9a8N 9a8P 9a8S 9a8T 9a8Y 9aaJ,,6 7 C D F G H L M S T U V W N P Q R 0 1 2 3 4 5 8 J,
CM-NW-Bafut,1,,445N 445P 450J 450K 450N 450P 450S 8efZ 8f8Z 8f9S 8f9T 8f9Y 8f9Z 8faJ 8faK 8faN 8faP 8faS 8faT 8faY 8faZ 8fbJ 8fbK 8fbN 8fbP 8fbS 8fbY,,B C 0 1 T 3 4 Z 7 D F G H J K L M N X Q R S 2 U V W Y,
CM-NW-Bali,1,,8e7P 8e7Y 8f2J 8f2K 8f2P 8f2S 8f2T 8f2Y 8f2Z 8f8N,,V Y 0 K M N P Q R 2,
CM-NW-Balikumbat,1,,8f6J 8f6K 8f6N 8f6P 8f6S 8f6T 8f6Y 8f6Z 8f7J 8f7K 8f7N 8f7P 8f7S 8f7T 8f7Y 8f7Z 8fcJ 8fcN 8fdJ 9a2K 9a2S,,J 9 L M 3 P Q R S T U V W X Y Z 0 2 8 K N,
CM-NW-Bamenda1,1,,8f3S 8f3T 8f3Y 8f3Z 8f6S 8f6T 8f9J 8f9N,,W X Y Z 3 P 8 B,
CM-NW-Bamenda2,1,,8f2Y 8f2Z 8f3S 8f3T 8f8N 8f8P 8f8Y 8f8Z 8f9J 8f9K 8f9S 8f9T,,Q R W X 2 3 6 7 8 9 D F,
CM-NW-Bamenda3,1,,8f9J 8f9K 8f9N 8f9P 8f9S 8f9Y,,8 9 B C D G,
CM-NW-Batibo,1,,8e5S 8e5T 8e5Y 8e5Z 8e6N 8e6P 8e6Y 8e7J 8e7K 8e7N 8e7P 8e7S 8e7T 8e7Y 8e7Z 8f0S 8f0T 8f2J 8f2K 8f2S 8f2T,,D F G H 8 9 Q S T U V W X Y M L 5 0 K N P,
CM-NW-Belo,1,,454N 455J 455K 455N 455P 455S 455Y 8fbP 8fbY 8fbZ 8feK 8feN 8feP 8feS 8feT 8feY 8feZ 8ffK 8ffS 8ffT,,2 8 U B C S G V Y Z K L M N P Q 1 T W X,
CM-NW-Benakuma,1,,44M 44V 45H 8eV,,K M N V,
CM-NW-Elak,1,,455J 455N 455P 455Y 500J 500K 500N 8ffJ 8ffK 8ffN 8ffP 8ffS 8ffT 8ffY 8ffZ 9aaK 9aaS 9aaT 9aaZ,,8 B C G 0 1 2 S T U V W X Y Z K N P R,
CM-NW-Fonfuka,1,,45M 45V 50H,,P R 0,
CM-NW-Fundong,1,,451J 451K 451N 451P 451S 451T 451Y 451Z 454J 454K 454N 454P 454S 454T 454Y 454Z 455K 455S 455T 455Y 455Z 456J 456K 456N 456P,,V 9 B C D F Q H 0 1 2 3 4 5 6 7 U S N G P J K L M,
CM-NW-FuruAwa,1,,45R 45V 46M 47H 47M,,Q R T W X,
CM-NW-Jakiri,1,,8fdZ 8ffN 8ffP 9a8P 9a8S 9a8T 9a8Y 9a8Z 9a9S 9a9T 9a9Y 9a9Z 9aaJ 9aaK 9aaN 9aaP 9aaS 9aaT 9aaY 9aaZ 9abJ 9abK 9abN 9abP 9abS,,H U V 3 4 5 8 7 D F G 0 J K L M N P Q R S T 1 C W,
CM-NW-Kumbo,1,,500N 500P 501J 501K 501N 9aaT 9aaY 9aaZ 9abK 9abP 9abS 9abT 9abY 9abZ,,2 3 8 9 B P Q R T C W X Y Z,
CM-NW-Mbengwi,1,,8e7Z 8edJ 8edK 8edN 8edP 8edY 8edZ 8efN 8efP 8efY 8efZ 8f2T 8f2Z 8f8J 8f8K 8f8N 8f8P 8f8S 8f8T 8f8Y 8f8Z 8faJ 8faK 8faN 8faS 8faT,,M 8 9 B C G H U V Y Z P R 0 1 2 3 4 5 6 7 J K L N X,
CM-NW-Mbiame,1,,50H 50M 9aR 9aV,,0 1 B C,
CM-NW-Misaje,1,,45M 45V 47M 50H 50R 52H,,P R X 0 2 8,
CM-NW-Ndop,1,,8f7T 8f7Y 8f7Z 8fcN 8fcP 8fcY 8fdJ 8fdK 8fdN 8fdP 8fdS 8fdT 8fdY 9a0T 9a2J 9a2K 9a2P 9a2S 9a2T 9a2Y 9a8J 9a8K,,X Y Z 2 3 6 8 9 B C D F G 5 H K M N P Q 0 1,
CM-NW-Ndu,1,,501T 501Z 502N 502P 503J 503K 503N 503P 503S 503Y 503Z 504K 504P 504S 504T 504Y 504Z 505K 506J 506K 506N 506P 506S 506T 509N 50cJ 50cK,,F H L M S T U V W Y Z Q 3 4 5 6 7 9 J K 2 8 N P B 0 1,
CM-NW-Nijkwa,1,,444N 445J 445K 8ecY 8ecZ 8edS 8edT 8edZ 8eeN 8eeP 8eeY 8eeZ 8efJ 8efK 8efN 8efP 8efS 8efT 8efY 8efZ,,2 8 9 6 7 D F H L M Q R S T U V W X Y Z,
CM-NW-Njinikom,1,,450N 451J 451K 451N 454J 454N 454P 455J 455K 8faY 8faZ 8fbS 8fbT 8fbY 8fbZ 8feT 8feZ,,T V 9 B 0 2 3 8 U Q R W X Y Z P 1,
CM-NW-Nkambe,1,,502P 502Y 502Z 503K 503S 503T 503Y 503Z 508N 508P 508Y 508Z 509J 509K 509N 509P 509S 509T 509Y 509Z 50bN 50cJ 50cK 50cS 50cT 50eJ,,M Q R T W X Y Z 2 3 6 7 8 9 B C D F G H U 0 1 4 5 J,
CM-NW-Nkor,1,,455P 455Y 455Z 457N 500J 500K 500N 500P 500S 500T 500Y 500Z 502J 502K 502N 502P 502S 502Y,,C G P U 0 1 2 3 4 5 6 7 J K L M N Q,
CM-NW-Nkum,1,,500P 500Y 500Z 501J 501K 501N 501P 501S 501T 501Y 501Z 502N 503J 504K 504S 504T,,3 6 7 8 9 B C D F G H L S Q 4 5,
CM-NW-Nwa,1,,50M 50R 50V 51H 51R 52H 9aV,,1 2 3 4 6 8 C,
CM-NW-Santa,1,,8f0S 8f0T 8f0Y 8f0Z 8f1S 8f1T 8f1Y 8f1Z 8f2J 8f2K 8f2N 8f2P 8f2Y 8f3J 8f3K 8f3N 8f3P 8f3S 8f3T 8f3Y 8f3Z 8f4K 8f4S 8f4T 8f6J 8f6K 8f6S,,L 5 6 7 D F G H 0 K 2 M Q S T U V W X Y Z 1 4 N J 9 3,
CM-NW-Tubah,1,,8f3Z 8f6T 8f9N 8f9P 8f9Y 8f9Z 8fbN 8fbP 8fbY 8fcJ 8fcK 8fcN 8fcP 8fcS 8fcT 8fcY 8fcZ 8feJ 8feK 8feN 8feP 8feS,,Z P B C G H U V Y 0 1 2 3 4 5 6 7 J K L M N,
CM-NW-WidikumBoffe,1,,8e3Y 8e3Z 8e4Z 8e5T 8e6K 8e6N 8e6P 8e6S 8e6T 8e6Y 8e6Z 8e7J 8e7K 8e7S 8e7T 8e9N 8e9P 8e9Y 8e9Z 8ecJ 8ecK 8ecN 8ecS 8ecT 8ecY 8ecZ 8eeJ 8eeN 8eeP,,Y Z 3 F K 8 9 N P Q R S T W X B C G H 0 1 2 4 5 6 7 J L M,
CM-NW-Wum,1,,450N 450P 450S 450T 450Y 450Z 451J 451K 451S 451T 452J 452K 452N 452P 452S 452Y 453J 453K,,T 3 4 5 6 7 V 9 D F J K L M N Q S 0,
CM-NW-Zhoa,1,,44M 44V 45H 45M 45R 45V 46M 47H,,K M N P Q R T W,
CM-OU-Babadjou,1,,8dbT 8dbZ 8f0P 8f0Y 8f1J 8f1K 8f1N 8f1P 8f1S 8f1T 8f1Y 8f1Z,,X Z 3 6 8 9 B C D F G H,
CM-OU-Bafang,1,,8d1J 8d1K 8d1P 8d1S 8d1T 8d1Y 8d1Z 8d4K 8d4S,,8 9 C D F G H 1 4,
CM-OU-Bafoussam1,1,,8ddS 8ddT 8ddY 8ddZ 8dfJ 8dfN 8dfP 988T 98aJ 98aK 98aS,,D F G H S U V 5 J K N,
CM-OU-Bafoussam2,1,,8ddT 8deN 8deP 8deY 8deZ 8dfJ 8dfK 8dfN 8dfP 8dfS 8dfT 8dfY 98aK 98aS,,F L M Q R S T U V W X Y K N,
CM-OU-Bafoussam3,1,,8dcY 8dcZ 8ddS 8ddT 8deN 8deP 8deY 8dfJ 8dfK,,6 7 D F L M Q S T,
CM-OU-Baham,1,,8d6Y 8d6Z 8d7K 8d7S 8d7T 8dcN 8ddJ,,Q R T W X 2 8,
CM-OU-Bakou,1,,87aP 87aY 87aZ 87bJ 87bK 87bS 87bT 87bY 87bZ 8d0N 8d1J 8d1K 8d1N 8d1P,,M Q R S T W X Y Z 2 8 9 B C,
CM-OU-Bamendjou,1,,8d6S 8d6T 8dcJ 8dcK 8dcN 8dcP 8dcS 8dcY 8dcZ,,N P 0 1 2 3 4 6 7,
CM-OU-Bana,1,,8d1P 8d4J 8d4K 8d4P 8d4S 8d4T 8d4Y 8d4Z,,C 0 1 3 4 5 6 7,
CM-OU-Bandja,1,,8d3J 8d3K 8d3N 8d3P 8d3S 8d3T 8d3Y 8d3Z 8d4T 8d4Z 8d6J 8d6K 8d6N 8d6S 8d6T 8d9N 8d9P 8dcJ 8dcK,,S T U V W X Y Z 5 7 J K L N P B C 0 1,
CM-OU-Bangangte,1,,87V 8dM 92R 92V 98H 98M,,Z P B C 0 1,
CM-OU-Bangou,1,,8d4Y 8d4Z 8d5T 8d6J 8d6K 8d6N 8d6P 8d6S 8d6Y 8d6Z 8d7J 8d7K 8d7S,,6 7 F J K L M N Q R S T W,
CM-OU-Bangourain,1,,9a0T 9a0Z 9a2J 9a2K 9a2N 9a2P 9a2Y 9a2Z 9a3J 9a3K 9a3S 9a3T 9a3Y 9a3Z 9a8N 9a8P 9a8Y 9a9J 9a9K 9a9N 9a9P 9a9S 9a9Y,,5 7 H K L M Q R S T W X Y Z 2 3 8 6 9 B C D G,
CM-OU-Banka,1,,8d1T 8d1Y 8d1Z 8d3J 8d3K 8d3N 8d3P 8d4S 8d4T 8d6J,,F G H S T U V 4 5 J,
CM-OU-Banwa,1,,87aZ 8d0J 8d0K 8d0N 8d0P 8d0Y 8d1J 8d1K 8d1S,,R 0 1 2 3 6 8 9 D,
CM-OU-Bassamba,1,,92aT 980J,,P 0,
CM-OU-Batcham,1,,8daZ 8dbK 8dbN 8dbP 8dbS 8dbT 8dbY 8dbZ 8deJ 8deK 8deP 8deS 8deT 8f0N 8f1J 8f1N,,R T U V W X Y Z J K M N P 2 8 B,
CM-OU-Batie,1,,8d3Y 8d6K 8d6P 8d6S 8d6T 8d6Y 8d6Z 8dcJ 8dcN,,Y K M N P Q R 0 2,
CM-OU-Bayangam,1,,8d7K 8d7N 8d7P 8d7S 8d7T 8d7Y 8d7Z,,T U V W X Y Z,
CM-OU-Bazou,1,,87eZ 87fJ 87fK 87fS 87fT 87fY 87fZ 8d4N 8d4P 8d5J 8d5K 8d5N 8d5P 8d5S 8d5Y,,R S T W X Y Z 2 3 8 9 B C D G,
CM-OU-Demding,1,,8d7T 8d7Y 8d7Z 8ddJ 8ddN 982S 982T 988J,,X Y Z 8 B N P 0,
CM-OU-Dschang,1,,8cdP 8cdY 8cdZ 8d2T 8d2Z 8d8J 8d8K 8d8N 8d8P 8d8S 8d8T 8d8Y 8d8Z 8daJ 8daN,,C G H P R 0 1 2 3 4 5 6 7 J L,
CM-OU-Fokoue,1,,8d2P 8d2Y 8d2Z 8d3K 8d3S 8d3T 8d3Z 8d8N 8d8P 8d9J 8d9K 8d9N 8d9P,,M Q R T W X Z 2 3 8 9 B C,
CM-OU-FongoTongo,1,,8cfN 8cfP 8cfY 8d8T 8daJ 8daK 8daN 8daP 8daS 8daT 8daY 8daZ 8f0N,,U V Y 5 J K L M N P Q R 2,
CM-OU-Foumban,1,,98R 98V 9aH 9aM,,2 3 8 9,
CM-OU-Foumbot,1,,8dV 98H 98R,,R 0 2,
CM-OU-Galim,1,,8dfT 8f4J 8f4K 8f4N 8f4P 8f4S 8f4T 8f4Y 8f4Z 8f5J 8f5K 8f5N 8f5P 8f5S 8f5T 8f5Y 8f5Z 8f6J 8f6N 8f7J 8f7K 8f7N 8f7P 9a0S 9a0T 9a2J 9a2K,,X 0 1 2 3 4 N 6 7 8 9 B C D F G P J L S T U V M 5 H K,
CM-OU-Kekem,1,,8d0K 8d0P 8d0S 8d0T 8d0Y 8d0Z 8d1S 8d1T 8d2N 8d2P 8d3J 8d3K,,1 3 4 5 6 7 D F L M S T,
CM-OU-Kouoptamo,1,,8dfT 8dfY 8dfZ 8f5J 8f5N 8f5P 8f5Y 98aS 98aT 98aY 98aZ 9a0J 9a0K 9a0N 9a0P 9a0S 9a0T 9a0Y 9a0Z 9a2J,,X Y 9 8 B C G N P Q R 0 1 2 3 M 5 6 7 H,
CM-OU-Koutaba,1,,98aY 98aZ 98bJ 98bK 98bN 98bP 98bS 98bT 98bY 98bZ 9a0J 9a0K 9a0N 9a0P 9a0Y 9a0Z 9a1J 9a1K 9a1N 9a1P 9a1S 9a1T 9a1Y 9a1Z 9a3J,,Q R 4 T U V W X Y Z 0 1 2 3 6 7 8 9 B C D F G H S,
CM-OU-Magba,1,,50M 51H 9aM 9aV 9bH 9bR,,1 4 9 C D G,
CM-OU-Malentouen,1,,98V 99R 9aM 9bH,,3 6 9 D,
CM-OU-Massangam,1,,92R 92V 98H 98M 98R 98V 99R,,B C 0 1 2 3 6,
CM-OU-Mbouda,1,,8dbZ 8deK 8deP 8deS 8deT 8deY 8deZ 8dfS 8dfT 8dfY 8dfZ 8f1N 8f1P 8f1Y 8f4J 8f4K 8f4N 8f4S 8f5J,,Z K M N P Q R W X Y 9 B C G 0 1 2 4 8,
CM-OU-Njimom,1,,9aH 9aM 9aR 9aV 9bH,,8 9 B C D,
CM-OU-NkongZem,1,,8d8P 8d8Y 8d8Z 8d9K 8d9S 8d9T 8d9Y 8d9Z 8daN 8daP 8daY 8daZ 8dbJ 8dbK 8dbN 8dbP 8dbS 8dbT 8f0N,,3 6 7 9 D F G H L M Q R S T U V W X 2,
CM-OU-PenkaMichel,1,,8d9J 8d9K 8d9N 8d9P 8d9S 8d9Y 8d9Z 8dbN 8dcK 8dcS 8dcT 8dcY 8dcZ 8deJ 8deK 8deN 8deP,,8 9 B C D G H U 1 4 5 6 7 J K L M,
CM-OU-PeteBandjoun,1,,8d7T 8dcN 8dcP 8dcY 8ddJ 8ddK 8ddN 8ddP 8ddS 8ddT 8ddY 8ddZ,,X 2 3 6 8 9 B C D F G H,
CM-OU-Santchou,1,,8c7K 8c7P 8c7S 8c7T 8c7Y 8c7Z 8cdJ 8cdN 8cdP 8cdY 8d0T 8d0Z 8d2J 8d2K 8d2N 8d2P 8d2S 8d2T 8d2Y 8d2Z 8d3K 8d8J 8d8K 8d8S,,2 V W X 3 Z 8 B C G 5 7 J K L M N P Q R T 0 1 4,
CM-OU-Tonga,1,,87dK 87dS 87dT 87dY 87dZ 87fJ 87fK 87fN 87fP 87fS 87fY 87fZ 8d5N 928T 928Z 92aJ 92aK 92aN 92aP 92aS 92aT 92aY 92aZ 92bK 92bS 92bT 980J 980N 981J,,9 D F G H S T U V W Y Z B 5 7 J K L M N P Q R 1 3 X 0 2 8,
CM-SU-AkomIi,1,,b7V bdH bdM bdV c2R c8H c8R,,Z N P R B 0 2,
CM-SU-Ambam,1,,c2M c2V c3H c3M c3R c3V c8M c9H,,9 C D F G H 1 4,
CM-SU-Bengbis,1,,cdR cdV ceM cfH cfM cfR,,Q R T W X Y,
CM-SU-Bipindi,1,,bdH bdM bdR bdV bfM c8R caH,,N P Q R X 2 8,
CM-SU-BiwongBane,1,,c8cZ c8dK c8dN c8dP c8dS c8dT c8dY c8dZ c8eN c8eP c8fJ c8fK c8fN c8fP c98K c98P c98S c98T c98Y c98Z c99S c9aJ c9aK c9aN,,0 9 B C D F G H L M S T U V 1 3 4 5 6 7 2 J K 8,
CM-SU-BiwongBulu,1,,c3V c9H c9M c9V ccH,,H 4 5 7 J,
CM-SU-Campo,1,,b6M b6V b7H b7M b7R b7V bdH c2R,,T V W X Y Z N B,
CM-SU-Djoum,1,,c7H c7M c7R c7V cdH cdM cdR cdV d2H d2M d2R d2V d8H,,W X Y Z N P Q R 8 9 B C 0,
CM-SU-Ebolowa1,1,,c8H c8M c8R c8V c9H c9R,,0 1 2 3 4 6,
CM-SU-Ebolowa2,1,,c3R c3V c6R c8H c8M c8R c9H c9M c9R,,G H U 0 1 2 4 5 6,
CM-SU-Efoulan,1,,c8M c8R c8V,,1 2 3,
CM-SU-Kribi1,1,,b6fS b6fT b6fY b6fZ bc5J bc5K bc5N bc5P bc5Y bc5Z bc7N bc7P bc7Y bc7Z bd2K bd2S bd2T bd2Z bd8J,,W X 1 2 8 9 B C G H U V Y Z K N P R 0,
CM-SU-Kribi2,1,,bc7Z bcdN bcdP bd2T bd8J bd8K bd8S bd8T bd8Y bd8Z,,Z B C P 0 1 4 5 6 7,
CM-SU-KyeOssi,1,,c30S c30T c30Y c30Z c31S c31T c31Y c31Z c32J c32K c32N c32P c33J c33K c33N c33P c33S c33Y,,4 5 6 7 D F G H J K L M S T U V W Y,
CM-SU-Lokoundje,1,,b6V b7R bcM bcV bdH bdM bdR bdV beM bfH bfM bfR,,V Y K M N P Q R T W X 0,
CM-SU-Lolodorf,1,,bdV c8R c8V caH caM,,R 2 3 8 9,
CM-SU-Maan,1,,b7H b7M b7V c2H c2M c2R c2V c8H c8M,,W X Z 8 9 B C 0 1,
CM-SU-Mengong,1,,c9H c9M c9R c9V,,4 5 6 7,
CM-SU-Meyomessala,1,,ccM ccR ccV cdH cdR ceM cfH,,K L M N Q T W,
CM-SU-Meyomessi,1,,c6V c7R ccM cdH,,V Y K N,
CM-SU-Mintom,1,,d2M d2R d2V d3H d3R d8H d8M d9H,,9 B C D G 0 1 4,
CM-SU-Mvangan,1,,c3M c3V c6H c6R c6V c9M ccH,,F H S U V 5 J,
CM-SU-Mvengue,1,,c8V c9R caM,,3 6 9,
CM-SU-Ngoulemakong,1,,c9R c9V ccR,,6 7 L,
CM-SU-Niete,1,,b7R b7V bdH bdM,,Y Z N P,
CM-SU-Olamze,1,,c20Y c20Z c21S c21T c21Y c21Z c22N c23J c23N c24S c24T c24Y c24Z c25S c25T c25Y c25Z c26J c26N c27J c27K c27N c27P c30S c30T c32J c32K c32P,,2 1 9 8 N C 0 3 B Q P 6 7 D F G H R L S T U V 4 5 J K M,
CM-SU-Oveng,1,,c6H c6M c6R c6V c7H c7R cdH,,S T U V W Y N,
CM-SU-Sangmelima,1,,c6R c6V c9M c9V ccH ccM ccR ccV,,U V 5 7 J K L M,
CM-SU-Zoetele,1,,c9V cbM ccR ccV ceH ceM,,7 F L M S T,
CM-SW-Akwaya,1,,41M 44H 44M 44R 8bH 8bM 8bR 8bV 8eH 8eR 8eV,,5 J K L D F G H S U V,
CM-SW-Alou,1,,8cdZ 8cfJ 8cfK 8cfN 8cfP 8cfS 8cfY 8cfZ 8d8T 8daJ 8daK 8daS 8daT 8daZ,,H S T U V W Y Z 5 J K N P R,
CM-SW-Bamusso,1,,81R 81V 83H 83M,,6 7 D F,
CM-SW-Bangem,1,,86R 86V 8cH 8cM,,U V J K,
CM-SW-Buea,1,,813P 813Y 816K 816P 816S 816T 816Y 816Z 817K 817S 817T 817Y 817Z 81cJ 81cN 81cP 81cY 81cZ 81dJ 81dK 81dN 81dP 81dS 81dT 81dY 81dZ 81eN 81fJ 842T 848J 848K,,V J K M N 5 Q R D W X Y Z U 2 3 6 7 8 9 B C T F G H L S P 0 1,
CM-SW-DikomeBalue,1,,833T 833Y 833Z 836S 836T 836Y 836Z 837S 837T 839J 839N 83cJ 83cK 83cN 83cP 83cS 83cY 83cZ 83dJ 83dK 83dS 83dT 83fJ,,C Y Z N P Q R W X 8 B 0 1 2 3 4 6 7 5 9 D F S,
CM-SW-EkondoTiti,1,,83H 83M 83R,,D F G,
CM-SW-Eyumodjock,1,,89H 89R 89V 8bH 8bM,,4 6 7 D F,
CM-SW-Idabato,1,,824K 824N 824P 824S 824T 824Y 824Z 825J 825K 825P 825S 825Y,,1 2 3 4 5 6 7 8 9 C D G,
CM-SW-Idenau,1,,813P 813S 813T 813Y 813Z 816S 816T 819J 819K 819N 819P 819S 819T 819Y 819Z 81cJ 81cK 81cN 81cP 81cS,,V W X J Z N 5 8 9 B C D F G H U 1 2 3 4,
CM-SW-Isanguele,1,,826P 826S 826T 826Y 826Z 827K 827S 827T 82cJ 82cK 82cN 82cP 82cY 82cZ 82dJ 82dK 82dN 82dP 82dS 82dT 82dY 82dZ 82eN 82fJ 838J 838K,,M N P Q R T W X 4 5 2 3 6 7 8 9 B C D F G H L S 0 1,
CM-SW-KomboAbedimo,1,,824P 824T 824Y 824Z 825K 825S 825T 826J 826K 826N 826P 826S 826Y 827J 827K 827S,,3 5 6 7 9 D F J K L M N Q S T W,
CM-SW-KomboItindi,1,,825Y 825Z 827J 827K 827N 827P 827S 827T 827Y 827Z 82dJ 82dN 830S 830T 830Y 830Z 832J 832K 832S 832T 838J 838K,,G H S T U V W X Y Z 8 B 4 5 6 7 J K N P 0 1,
CM-SW-Konye,1,,83M 83V 86H 86R 89M 8cH,,F H S U 5 J,
CM-SW-Kumba1,1,,81fT 81fY 81fZ 835J 835K 835N 835P 835S 835T 835Y 835Z 837J 837K 837N 837P 84aT 860J 860K 860S 860T 860Z 862J 862K 862N 862P 862S,,X Y Z 8 9 2 C D F G H S T U V P 0 1 4 5 7 J K L M N,
CM-SW-Kumba2,1,,862K 862P 862S 862T 862Y 862Z 863K 863S 863T 868J 868K 868N 868P 868Y 869J 869K,,K M N P Q R T B X 0 1 2 3 6 8 9,
CM-SW-Kumba3,1,,81fY 81fZ 84aS 84aT 84aY 84aZ 84bS 84bT 860J 860K 860N 860P 860S 860T 860Y 860Z 861K 861S 861T 862N 862P 863J 863K 863S,,Y Z N P Q H W X 0 1 J 3 4 5 6 7 9 K F L M S T B,
CM-SW-Limbe1,1,,815T 816N 816P 817J 817K 817N 817P 817S,,F L M S D U V W,
CM-SW-Limbe2,1,,813P 814T 816J 816K 816N 816P,,V 5 J K L M,
CM-SW-Limbe3,1,,814Y 814Z 815P 815S 815T 815Y 815Z 817J 817N 840K 840S,,6 7 C D F G H S U 1 4,
CM-SW-Mamfe,1,,89M 89V 8bH 8bM 8bR 8bV 8cH 8cR 8eH 8eM 8eR,,5 7 D F G H J L S T U,
CM-SW-Mbonge,1,,81R 81V 83M,,6 7 F,
CM-SW-Menji,1,,8ccN 8ccP 8ccY 8ccZ 8cdJ 8cdK 8cdN 8cdP 8cdS 8cdT 8cdY 8cdZ 8ceN 8cfJ 8cfK 8cfN 8d8T,,2 3 6 7 8 9 B C D F G H L S T U 5,
CM-SW-Mudemba,1,,82V 83R 83V 88M 89H 89R,,C G H 1 4 6,
CM-SW-Muyuka,1,,81dN 81dP 81dT 81dY 81dZ 81fJ 81fK 81fN 81fP 81fS 81fT 81fY 81fZ 835J 835N 848J 848K 848S 848T 848Z 84aJ 84aK 84aN 84aP 84aS 84aY,,B C F G H S T U V W X Y Z 8 2 0 1 4 5 7 J K L M N Q,
CM-SW-Nguti,1,,86R 89M 8cH 8cM 8cR 8cV,,U 5 J K L M,
CM-SW-Tiko,1,,815Y 815Z 817K 817N 817P 817S 817Y 817Z 840S 840T 842J 842K 842N 842P 842S 842T 842Y 842Z 843K 843S 843T 848J 848K 848N 848P 849J 849K,,G H D U V W Y Z 4 5 J K L M N P Q R T B X 0 1 2 S 8 9,
CM-SW-Tinto,1,,8cR 8cV 8eH 8eM,,L M S T,
CM-SW-Toko,1,,83R 83V 89H 89M 89R 89V,,G H 4 5 6 7,
CM-SW-Tombel,1,,86H 86M 86R 86V 8cH 8cM,,S T U V J K,
CM-SW-Wabane,1,,8cfS 8cfT 8cfY 8cfZ 8daT 8daZ 8e5N 8e5P 8e5Y 8e5Z 8f0J 8f0K 8f0N 8f0P 8f0S 8f0T 8f0Y 8f1J 8f1K,,W X Y Z P R B C G H 0 1 2 3 L 5 6 8 9,
